"soncaokim","https://avatars.githubusercontent.com/u/13333482?v=4","https://github.com/soncaokim",1315
"kabouzeid","https://avatars.githubusercontent.com/u/7303830?v=4","https://github.com/kabouzeid",1095
"AdrienPoupa","https://avatars.githubusercontent.com/u/15086425?v=4","https://github.com/AdrienPoupa",280
"Octoton","https://avatars.githubusercontent.com/u/56130419?v=4","https://github.com/Octoton",86
"afollestad","https://avatars.githubusercontent.com/u/1820165?v=4","https://github.com/afollestad",74
"tkashkin","https://avatars.githubusercontent.com/u/2003017?v=4","https://github.com/tkashkin",18
"arkon","https://avatars.githubusercontent.com/u/4098258?v=4","https://github.com/arkon",18
"MageFroh","https://avatars.githubusercontent.com/u/4892531?v=4","https://github.com/MageFroh",17
"materight","https://avatars.githubusercontent.com/u/26522190?v=4","https://github.com/materight",17
"Darandos","https://avatars.githubusercontent.com/u/569762?v=4","https://github.com/Darandos",10
